Unique_ID,PID,TIER,Tier_old,NIRSpec_ID,NIRCam_DR5_ID,NIRCam_DR3_ID,ObsDate,RA_TARG,Dec_TARG,x_offset,y_offset,Field,GSa,GSb,PC_eMPT,Priority,oddball_source,PC_eMPT_pre_oddball,priority_pre_oddball,probability_allocated,F444W_gold_DR3,UV_gold_DR3,F444W_gold_DR5_beta,UV_gold_DR5_beta,assigned_Prism,assigned_G140M,assigned_G235M,assigned_G395M,assigned_G395H,nDither_Pr,nDither_Gr,nInt_Prism,nInt_G140M,nInt_G235M,nInt_G395M,nInt_G395H,tExp_PRISM,tExp_G140M,tExp_G235M,tExp_G395M,tExp_G395H,z_phot,z_Spec,z_paper,z_paper_name,z_paper_ref,z_R1000,z_R1000n,z_PRISM,z_Spec_flag,1500A_flux,1500A_flux_err,MUV,MUV_err_u,MUV_err_l,Hbeta,[OIII]5007,Halpha_NII,[OII]3727,fits_map,RA_TRUE,DEC_TRUE,X,Y,Z_coord
b'goods-n-mediumhst_755',1181,b'goods-n-mediumhst',b'medium_hst_gn',755,1004392,1004392,b'2023-02-07',189.09925933788136,62.23824910408436,0.051,-0.139,b'GN',False,False,9,b'5.2',,-99,,0.35064935064935066,0,0,0,0,b'T',b'T',b'T',b'T',b'T',2,2,12,6,6,6,0,12254.0,6127.0,6127.0,6127.0,0.0,3.54,3.4771791784875727,,,,3.4771791784875727,3.0,3.475048,b'A',3.7304808466623194e-19,4.190386259066098e-20,-19.675794532892834,0.11558248103243329,0.1293690820497133,,245.62764123408957,206.65902800239203,,b'https://jades.idies.jhu.edu/goods-n/?ra=189.09926&dec=62.23825&zoom=10',189.09927350454802,62.23821049297325,-3188.635563959832,-510.69520011604465,6134.775298307455
b'goods-n-mediumhst_853',1181,b'goods-n-mediumhst',b'medium_hst_gn',853,1008013,1008013,b'2023-02-07',189.11636954392034,62.249101775923364,-0.018,0.026,b'GN',False,False,11,b'4.3',,-99,,0.27007299270072993,0,0,0,0,b'T',b'T',b'T',b'T',b'T',1,1,6,3,3,3,0,6127.0,3063.0,3063.0,3063.0,0.0,3.49,3.471392816421119,,,,3.471392816421119,9.0,3.476296,b'A',1.8258896993590476e-19,2.4580922641976634e-20,-18.900998205735313,0.137130255676972,0.1569883315039,487.56365749178315,2156.803232059725,1935.7373626171166,518.4995272542386,b'https://jades.idies.jhu.edu/goods-n/?ra=189.11637&dec=62.2491&zoom=10',189.11636454392035,62.24910899814559,-3185.1261377276137,-511.1076519726052,6131.145541991644
b'goods-n-mediumhst_873',1181,b'goods-n-mediumhst',b'medium_hst_gn',873,1008592,1008592,b'2023-02-07',189.1168361021397,62.25074486540323,0.081,-0.078,b'GN',False,False,10,b'6.2',,-99,,0.4166666666666667,0,0,0,0,b'T',b'T',b'T',b'T',b'T',1,1,6,3,3,3,0,6127.0,3063.0,3063.0,3063.0,0.0,3.54,3.470971018897471,,,,3.470971018897471,1.0,3.467254,b'A',5.204616320783675e-20,4.6162300931221646e-20,-17.531542328086758,0.6894004999883876,2.366815551515195,,430.22432702118243,242.65175797172955,,b'https://jades.idies.jhu.edu/goods-n/?ra=189.11684&dec=62.25074&zoom=10',189.1168586021397,62.25072319873656,-3184.7903110584107,-511.0819323198442,6130.926743751378
b'goods-n-mediumhst_2859',1181,b'goods-n-mediumhst',b'medium_hst_gn',2859,1087787,1087787,b'2023-02-07',189.106517388872,62.252056637421546,0.016,0.202,b'GN',False,False,12,b'5.3',,-99,,0.23049645390070922,0,0,0,0,b'T',b'F',b'F',b'F',b'F',1,0,6,0,0,0,0,6127.0,0.0,0.0,0.0,0.0,3.32,3.470546,,,,,,3.470546,b'B',1.6603285847389964e-19,2.1455179647871335e-20,-18.79351214546906,0.131948799285329,0.15023199246729746,,358.9354176986918,234.2004278423145,,b'https://jades.idies.jhu.edu/goods-n/?ra=189.10652&dec=62.25206&zoom=10',189.10652183331644,62.25211274853266,-3184.5735334930528,-510.45783522151726,6130.692877334651
b'goods-n-mediumhst_2887',1181,b'goods-n-mediumhst',b'medium_hst_gn',2887,1088547,1088547,b'2023-02-07',189.11821922713818,62.26037047807183,0.013,-0.115,b'GN',False,False,9,b'5.2',,-99,,0.35064935064935066,0,0,0,0,b'T',b'T',b'T',b'T',b'T',2,2,12,6,6,6,0,12254.0,6127.0,6127.0,6127.0,0.0,3.54,3.437660905019742,,,,3.437660905019742,3.0,3.444315,b'A',1.0622648602551116e-19,4.140384388360569e-20,-18.288967309018453,0.3573569375679675,0.536265216346429,,204.28325299003748,164.08060814431104,140.56538093357685,b'https://jades.idies.jhu.edu/goods-n/?ra=189.11822&dec=62.26037&zoom=10',189.1182228382493,62.26033853362738,-3170.9918075467317,-508.9450530378276,6106.8740063831665
b'goods-s-mediumjwst_3049',1286,b'goods-s-mediumjwst',b'medium_jwst_gs',3049,3049,3049,b'2023-12-11',53.0706102,-27.9081911,0.067,0.176,b'GS',False,True,19,b'8',,-99,,0.04401122433909319,0,0,0,0,b'T',b'T',b'T',b'T',b'T',3,3,9,4,9,9,9,8534.0,8534.0,8534.0,8534.0,8534.0,3.29693,3.469331710383819,,,,3.469331710383819,4.0,3.463106,b'A',1.415004120415239e-19,6.576359990513671e-20,-18.614366058156374,0.41441548975583586,0.6786267084240087,117.6793766926019,739.4586331200951,360.9857797820862,,b'https://jades.idies.jhu.edu/public/?ra=53.07061&dec=-27.90819&zoom=10',53.070628811111106,-27.908142211111112,3677.5352148933853,4892.791284750393,-3241.8879906911043
b'goods-s-deephst_3184',1210,b'goods-s-deephst',b'deep_hst_gs',3184,196893,196893,b'2022-10-24',53.1500995952512,-27.819706046244335,-0.037,-0.211,b'GS',False,False,14,b'7.7',,-99,,0.08333333333333333,1,0,1,0,b'T',b'T',b'T',b'T',b'T',3,3,72,36,18,18,18,99788.0,24947.0,24947.0,24947.0,24947.0,3.4536,3.4664554027540095,,,,3.4664554027540095,6.0,3.463746,b'A',1.913939258363126e-19,1.634764534601554e-20,-18.942770534397468,0.08898815310109853,0.09693815924519811,100.52105086012614,576.144184219002,307.4753052048672,94.20564791659936,b'https://jades.idies.jhu.edu/public/?ra=53.1501&dec=-27.81971&zoom=10',53.15008931747342,-27.819764657355446,3672.4736840075793,4900.191844598794,-3231.3281868094905
b'goods-n-mediumhst_3527',1181,b'goods-n-mediumhst',b'medium_hst_gn',3527,1009863,1009863,b'2023-02-07',189.15055717264227,62.2553279898082,0.022,-0.082,b'GN',False,False,9,b'5.2',,-99,,0.35064935064935066,0,0,0,0,b'T',b'T',b'T',b'T',b'T',1,1,0,3,3,3,0,0.0,3063.0,3063.0,3063.0,0.0,3.502,3.4190438090929565,,,,3.4190438090929565,4.0,,b'A',,,,,,,,,,b'https://jades.idies.jhu.edu/goods-n/?ra=189.15056&dec=62.25533&zoom=10',189.15056328375337,62.25530521203042,-3164.0344211746005,-509.66049351272693,6092.728838260482
b'goods-n-mediumhst_3998',1181,b'goods-n-mediumhst',b'medium_hst_gn',3998,1027205,1027205,b'2023-02-07',189.1581278540539,62.24517275138643,0.04,-0.216,b'GN',False,False,9,b'5.2',,-99,,0.35064935064935066,0,0,0,0,b'T',b'T',b'T',b'T',b'T',1,1,6,3,3,3,0,6127.0,3063.0,3063.0,3063.0,0.0,3.54,3.4771921996186492,,,,3.4771921996186492,2.0,3.477287,b'A',1.1434239251299428e-19,4.384729808875882e-20,-18.393567778025073,0.3524272535736017,0.5251209465350044,,223.3267633870007,188.65833833837112,,b'https://jades.idies.jhu.edu/goods-n/?ra=189.15813&dec=62.24517&zoom=10',189.15813896516502,62.24511275138643,-3187.384510297688,-513.8540917545627,6135.173815800432
b'goods-s-mediumhst_5052',1180,b'goods-s-mediumhst',b'medium_hst_gs',5052,209466,209466,b'2022-10-05',53.1588231,-27.7751884,-0.018,0.006,b'GS',False,False,17,b'7',,-99,,0.021689497716894976,0,0,0,0,b'T',b'T',b'T',b'T',b'T',1,1,3,1,3,3,0,3720.0,2042.0,2042.0,2042.0,0.0,3.43616,3.432904358293343,,,,3.432904358293343,1.0,3.432166,b'A',-1.2744402401202324e-20,8.021529220213473e-20,,,,,130.22367727497613,74.84584173407278,,b'https://jades.idies.jhu.edu/public/?ra=53.15882&dec=-27.77519&zoom=10',53.1588181,-27.775186733333335,3658.362461084462,4882.913115014047,-3213.500177768742
b'goods-s-deepjwst_5818',1287,b'goods-s-deepjwst',b'deep_jwst_gs',5818,5818,5818,b'2024-01-10',53.0723223,-27.9017604,0.054,0.037,b'GS',False,False,15,b'7.6',,-99,,0.13533834586466165,1,0,1,0,b'T',b'T',b'T',b'T',b'T',3,3,72,18,18,18,18,99788.0,24947.0,24947.0,24947.0,24947.0,3.46817,3.4723458316802147,,,,3.4723458316802147,2.0,3.460461,b'A',2.2603094460631513e-20,8.682497993611094e-21,-16.620913589352213,0.3529412090394892,0.5262751393924887,22.67683395588869,76.98423613034333,47.59050086651959,,b'https://jades.idies.jhu.edu/public/?ra=53.07232&dec=-27.90176&zoom=10',53.0723373,-27.90175012222222,3678.9344163391856,4894.956754187759,-3242.375381035956
b'goods-n-mediumjwst_6233',1181,b'goods-n-mediumjwst',b'medium_jwst_gn',6233,1006233,1006233,b'2023-05-05',189.07954071900633,62.24390342479952,0.028,-0.148,b'GN',False,False,17,b'8',,-99,,0.043560012535255405,0,0,0,0,b'T',b'T',b'T',b'T',b'T',1,1,3,3,3,3,3,3063.0,3063.0,3063.0,3063.0,3063.0,3.28201,3.41477,,,,,,3.41477,b'D',-3.5288531775594046e-20,2.581712175655438e-20,,,,,,,,b'https://jades.idies.jhu.edu/goods-n/?ra=189.07954&dec=62.2439&zoom=10',189.0795484967841,62.24386231368841,-3164.2052815147613,-505.6652097988315,6088.894487828263
b'goods-s-deephst_7629',1210,b'goods-s-deephst',b'deep_hst_gs',7629,201442,201442,b'2022-10-24',53.169834992155266,-27.803438053447383,-0.081,-0.196,b'GS',False,False,14,b'7.7',,-99,,0.08333333333333333,1,0,1,0,b'T',b'F',b'F',b'F',b'F',2,0,48,0,0,0,0,66525.0,0.0,0.0,0.0,0.0,3.4252,3.440086,,,,,,3.440086,b'B',5.768313472942879e-20,7.646874145337788e-21,-17.622826077029174,0.13515965889008186,0.15441002003110782,,234.94511385059576,134.23054579632048,,b'https://jades.idies.jhu.edu/public/?ra=53.16983&dec=-27.80344&zoom=10',53.169812492155266,-27.803492497891828,3659.6686478571787,4886.610315847332,-3219.3248853448777
b'goods-n-mediumjwst_8299',1181,b'goods-n-mediumjwst',b'medium_jwst_gn',8299,1008299,1008299,b'2023-05-05',189.2294424733133,62.24992547644085,0.05,0.075,b'GN',False,False,14,b'7.7',,-99,,0.13626126126126126,1,0,1,0,b'T',b'T',b'T',b'T',b'T',2,2,6,6,6,6,6,6127.0,6127.0,6127.0,6127.0,6127.0,3.09896,3.42479991775353,,,,3.42479991775353,5.0,3.423205,b'A',1.1766967343815536e-19,1.8882337053750044e-20,-18.384125409989274,0.16158387643509542,0.1899081813282173,154.67012175219546,855.670640143634,448.4072522958079,,b'https://jades.idies.jhu.edu/goods-n/?ra=189.22944&dec=62.24993&zoom=10',189.2294563622022,62.24994630977418,-3166.122636961307,-514.4705463201971,6096.724187948998
b'goods-s-mediumjwst_8374',1286,b'goods-s-mediumjwst',b'medium_jwst_gs',8374,8374,8374,b'2023-12-11',53.0709862,-27.8974657,0.052,-0.05,b'GS',False,True,16,b'7.7',,-99,,0.13486370157819225,1,0,1,0,b'T',b'T',b'T',b'T',b'T',3,3,9,4,9,9,9,8534.0,8534.0,8534.0,8534.0,8534.0,3.36772,3.4701538284046727,,,,3.4701538284046727,4.0,3.466947,b'A',9.906609936751013e-20,2.2020374801688418e-20,-18.23015397936419,0.21792642516487248,0.2729412990495277,,552.2315293028994,313.5531572123999,,b'https://jades.idies.jhu.edu/public/?ra=53.07099&dec=-27.89747&zoom=10',53.071000644444446,-27.897479588888892,3678.2282085158713,4893.77940571915,-3241.0681392677884
b'goods-s-mediumhst_9088',1180,b'goods-s-mediumhst',b'medium_hst_gs',9088,209600,209600,b'2022-10-05',53.1537779,-27.7742121,-0.005,0.199,b'GS',False,False,12,b'5.3',,-99,,0.11226611226611227,0,0,0,0,b'T',b'T',b'T',b'T',b'T',1,1,3,1,3,3,0,3720.0,2042.0,2042.0,2042.0,0.0,3.47407,3.466892299717454,,,,3.466892299717454,2.0,3.45997,b'A',5.928191830191691e-20,7.284991631240295e-20,-17.66743211175482,0.8702130414247122,,,228.55472351041993,104.87844622734296,,b'https://jades.idies.jhu.edu/public/?ra=53.15378&dec=-27.77421&zoom=10',53.15377651111111,-27.77415682222222,3673.8922058399016,4902.741995784746,-3226.621851676798
b'goods-s-mediumjwst_9278',1286,b'goods-s-mediumjwst',b'medium_jwst_gs',9278,9278,9278,b'2023-12-11',53.0866597,-27.8960618,-0.021,0.105,b'GS',False,True,16,b'7.7',,-99,,0.13486370157819225,1,0,1,0,b'T',b'T',b'T',b'T',b'T',3,3,9,4,9,9,9,8534.0,8534.0,8534.0,8534.0,8534.0,2.71204,3.435309783557673,,,,3.435309783557673,2.0,3.438246,b'A',1.0631314665301107e-19,3.0500542607185814e-20,-18.28528592860952,0.2738564537043331,0.3671138958351179,,216.04808748956958,131.76964207549693,,b'https://jades.idies.jhu.edu/public/?ra=53.08666&dec=-27.89606&zoom=10',53.086653866666666,-27.89603263333333,3661.5029253644802,4874.298945459881,-3227.306831851079
b'goods-s-mediumhst_9720',1180,b'goods-s-mediumhst',b'medium_hst_gs',9720,202892,202892,b'2022-10-05',53.1679187,-27.7980216,-0.022,0.045,b'GS',False,False,3,b'3',,-99,,0.34782608695652173,0,0,0,0,b'T',b'F',b'F',b'F',b'F',1,0,3,0,0,0,0,3720.0,0.0,0.0,0.0,0.0,3.4596,3.441047,,,,,,3.441047,b'C',1.1013817994794293e-18,1.2318126946520926e-19,-20.82577196734863,0.11510815546866482,0.1287750040437956,487.69364087764797,2410.0472355400516,1816.6160707033112,584.9159101714993,b'https://jades.idies.jhu.edu/public/?ra=53.16792&dec=-27.79802&zoom=10',53.16791258888889,-27.798009099999998,3660.442409197572,4887.305716425356,-3219.1161505454265
b'goods-s-mediumhst_12350',1180,b'goods-s-mediumhst',b'medium_hst_gs',12350,138229,138229,b'2022-10-05',53.1395244,-27.7665096,-0.006,-0.05,b'GS',False,False,13,b'6.3',,-99,,0.09166666666666666,0,0,0,0,b'T',b'T',b'T',b'T',b'T',2,2,5,3,6,6,0,6200.0,6127.0,6127.0,6127.0,0.0,2.679,3.4377631967236297,,,,3.4377631967236297,2.0,3.427432,b'A',2.1357701562010124e-20,1.7911206547985196e-20,-16.534546556422974,0.6612357799972166,1.98044214784138,,95.38405086058415,77.205403431142,,b'https://jades.idies.jhu.edu/public/?ra=53.13952&dec=-27.76651&zoom=10',53.13952273333333,-27.76652348888889,3662.4630234163665,4884.957092009972,-3214.4777287966112
b'goods-s-mediumhst_13369',1180,b'goods-s-mediumhst',b'medium_hst_gs',13369,210978,210978,b'2022-10-05',53.131653,-27.7709498,0.034,0.131,b'GS',False,False,4,b'3.5',,-99,,0.09016393442622951,0,0,0,0,b'T',b'T',b'T',b'T',b'T',1,1,3,1,3,3,0,3720.0,3063.0,3063.0,3063.0,0.0,3.40835,3.4123412517743166,,,,3.4123412517743166,15.0,3.40808,b'A',2.2206879516698197e-18,1.8537419283148913e-19,-21.56221222105366,0.08704825981710584,0.09464041961615877,1083.2148218688512,5929.744500413724,4217.64121843502,1340.3859905070885,b'https://jades.idies.jhu.edu/public/?ra=53.13165&dec=-27.77095&zoom=10',53.131662444444444,-27.77091341111111,3651.617994298935,4869.100193690824,-3204.9685426054534
b'goods-s-mediumhst_13645',1180,b'goods-s-mediumhst',b'medium_hst_gs',13645,147163,147163,b'2022-10-05',53.172659,-27.7541529,-0.058,0.199,b'GS',False,False,13,b'6.3',,-99,,0.09166666666666666,0,0,0,0,b'T',b'T',b'T',b'T',b'T',1,1,3,1,3,3,0,3720.0,3063.0,3063.0,3063.0,0.0,3.23,3.4132473961342162,,,,3.4132473961342162,3.0,3.41201,b'A',3.5386065138114775e-20,2.790931547416516e-20,-17.071059654273206,0.6313493578047904,1.6877985818678098,,701.920507696175,317.9066907910366,,b'https://jades.idies.jhu.edu/public/?ra=53.17266&dec=-27.75415&zoom=10',53.172642888888895,-27.754097622222222,3649.1046300136577,4873.006297749152,-3203.5390117172033
b'goods-s-mediumhst_14015',1180,b'goods-s-mediumhst',b'medium_hst_gs',14015,136333,136333,b'2022-10-05',53.168403,-27.768336,-0.04,-0.002,b'GS',False,False,12,b'5.3',,-99,,0.11226611226611227,0,0,0,0,b'T',b'T',b'T',b'T',b'T',2,2,3,1,3,3,0,3720.0,2042.0,2042.0,2042.0,0.0,3.36,3.427603900990392,,,,3.427603900990392,3.0,3.424165,b'A',1.0029014093548833e-19,2.4622298268549792e-20,-18.211335907032325,0.23836861856777247,0.30586722363652186,126.34007736815815,591.5923458254186,294.58545811204016,,b'https://jades.idies.jhu.edu/public/?ra=53.1684&dec=-27.76834&zoom=10',53.168391888888884,-27.768336555555557,3655.4127520677325,4880.675370899995,-3210.694258279918
b'goods-n-mediumjwst_15127',1181,b'goods-n-mediumjwst',b'medium_jwst_gn',15127,1240796,-1,b'2023-05-05',189.22173830791704,62.275696787057214,0.001,-0.196,b'GN',False,False,20,b'8.3',,-99,,0.03248330297510625,-1,-1,0,0,b'T',b'T',b'T',b'T',b'T',2,2,6,6,6,6,6,6127.0,6127.0,6127.0,6127.0,6127.0,2.93409,3.4201387609298406,,,,3.4201387609298406,2.0,3.416421,b'A',4.800960896580148e-20,3.9654148566710984e-20,-17.40564611420742,0.6537297829845166,1.89839445872461,,108.6837338042579,78.98370429363227,,b'https://jades.idies.jhu.edu/goods-n/?ra=189.22174&dec=62.2757&zoom=10',189.22173858569482,62.27564234261277,-3161.6882701614654,-513.3128792239457,6094.683864997016
b'goods-s-mediumhst_17214',1180,b'goods-s-mediumhst',b'medium_hst_gs',17214,246114,246114,b'2022-10-05',53.0870856,-27.7398468,0.067,-0.094,b'GS',False,False,9,b'5.2',,-99,,0.21610169491525424,0,0,0,0,b'T',b'T',b'T',b'T',b'T',2,2,6,3,6,6,0,7440.0,6127.0,6127.0,6127.0,0.0,4.32,3.4635073433400603,,,,3.4635073433400603,2.0,3.472049,b'A',1.2153292441082439e-19,3.616209650567634e-20,-18.455882637387205,0.2828100818628414,0.3834611380156332,,423.05256790397624,254.71495111072946,,b'https://jades.idies.jhu.edu/public/?ra=53.08709&dec=-27.73985&zoom=10',53.08710421111111,-27.73987291111111,3679.2580546701797,4898.015257905685,-3221.6457192596076
b'goods-s-mediumhst_17366',1180,b'goods-s-mediumhst',b'medium_hst_gs',17366,444239,-1,b'2022-10-05',53.1217559,-27.727949,0.022,0.142,b'GS',False,False,11,b'4.3',,-99,,0.1814516129032258,-1,-1,0,0,b'T',b'T',b'T',b'T',b'T',1,1,3,1,3,3,0,3720.0,3063.0,3063.0,3063.0,0.0,3.332,3.4592685187563275,,,,3.4592685187563275,6.0,3.453728,b'A',3.414206998825759e-19,3.219542989214784e-20,-19.563676303450265,0.09783942268285983,0.10753717722339573,554.2815838099791,3544.884040535857,1495.2494073151836,304.54114158704454,b'https://jades.idies.jhu.edu/public/?ra=53.12176&dec=-27.72795&zoom=10',53.12176201111111,-27.727909555555556,3674.824220754703,4898.279996271224,-3218.72514380933
b'goods-s-mediumhst_17527',1180,b'goods-s-mediumhst',b'medium_hst_gs',17527,416807,-1,b'2022-10-05',53.1344902,-27.7138276,0.029,0.148,b'GS',False,False,8,b'4.2',,-99,,0.19298245614035087,-1,-1,0,0,b'T',b'T',b'T',b'T',b'T',2,2,3,1,3,3,0,3720.0,3063.0,3063.0,3063.0,0.0,3.87,3.417315358208172,,,,3.417315358208172,2.0,3.421894,b'A',1.412474079907413e-19,2.8475181390401765e-20,-18.581423108741337,0.19939790521637946,0.24444582891851496,,199.019320819905,132.92751978485123,,b'https://jades.idies.jhu.edu/public/?ra=53.13449&dec=-27.71383&zoom=10',53.134498255555556,-27.713786488888886,3655.525014843936,4874.8124958141725,-3200.8536480947246
b'goods-s-deepjwst_17570',1287,b'goods-s-deepjwst',b'deep_jwst_gs',17570,455799,-1,b'2024-01-10',53.1102938,-27.8863941,0.011,0.117,b'GS',False,False,22,b'8.3',,-99,,0.010805943268797838,-1,-1,0,0,b'T',b'T',b'T',b'T',b'T',1,1,24,6,6,6,6,33262.0,8315.0,8315.0,8315.0,8315.0,2.4827,3.4785595238545235,,,,3.4785595238545235,1.0,3.474826,b'A',1.2732972940336784e-20,1.2661006024198185e-20,-16.00854168092554,0.7495023484203571,5.619492307602037,,101.40946316816833,39.2935543545641,,b'https://jades.idies.jhu.edu/public/?ra=53.11029&dec=-27.88639&zoom=10',53.11029685555555,-27.8863616,3678.944414833073,4901.7283331555545,-3243.138318997526
b'goods-s-mediumjwst_29609',1286,b'goods-s-mediumjwst',b'medium_jwst_gs',29609,29609,29609,b'2023-12-11',53.0887709,-27.8782939,0.053,-0.001,b'GS',False,True,19,b'8',,-99,,0.04401122433909319,0,0,0,0,b'T',b'T',b'T',b'T',b'T',1,1,3,1,3,3,3,2844.0,2844.0,2844.0,2844.0,2844.0,3.50451,3.4730742806581656,,,,3.4730742806581656,2.0,3.479325,b'A',1.5088306317239945e-19,1.5157696025697846e-20,-18.696167278963458,0.10393554523057347,0.1149486681072247,,166.0789590936632,123.7210972495992,,b'https://jades.idies.jhu.edu/public/?ra=53.08877&dec=-27.87829&zoom=10',53.088785622222225,-27.87829417777778,3678.6465734203575,4897.50050828675,-3240.150754972003
b'goods-s-mediumjwst_33212',1286,b'goods-s-mediumjwst',b'medium_jwst_gs',33212,33212,33212,b'2023-12-11',53.0647266,-27.8760592,0.061,-0.008,b'GS',False,True,22,b'8.3',,-99,,0.021899668958492487,0,0,0,0,b'T',b'T',b'T',b'T',b'T',1,1,3,1,3,3,3,2844.0,2844.0,2844.0,2844.0,2844.0,3.42119,3.4739073740153037,,,,3.4739073740153037,2.0,3.476524,b'A',1.573381543334448e-20,4.2477203514788905e-20,-16.239566737310447,1.4204278751732389,,,154.80199448722868,137.85979693263195,,b'https://jades.idies.jhu.edu/public/?ra=53.06473&dec=-27.87606&zoom=10',53.06474354444445,-27.87606142222222,3681.144017978105,4896.545349105814,-3240.2349621481985
b'goods-s-mediumjwst_40920',1286,b'goods-s-mediumjwst',b'medium_jwst_gs',40920,107632,107632,b'2023-01-13',53.1306877,-27.807085,-0.012,-0.069,b'GS',True,False,18,b'8.1',,-99,,0.04562162162162162,0,0,0,0,b'T',b'T',b'T',b'T',b'T',3,3,9,4,9,9,9,7877.0,9190.0,9190.0,9190.0,7877.0,2.9729,3.437,,,,,,3.45097,b'D',3.4081126754197896e-20,2.3731982017197703e-20,-17.059668182628798,0.5737809467650834,1.2940237093588038,,,,,b'https://jades.idies.jhu.edu/public/?ra=53.13069&dec=-27.80708&zoom=10',53.13068436666667,-27.80710416666667,3661.509834026965,4882.116429389681,-3218.5025433962837
b'goods-s-mediumjwst_41360',1180,b'goods-s-mediumjwst',b'medium_jwst_gs_1180',41360,200781,200781,b'2023-01-28',53.1416245,-27.8058643,-0.075,-0.081,b'GS',True,False,14,b'7.7',,-99,,0.15246636771300448,1,0,1,0,b'T',b'T',b'T',b'T',b'T',3,3,9,4,9,9,0,11160.0,9190.0,9190.0,9190.0,0.0,3.47296,3.4690652257427645,,,,3.4690652257427645,4.0,3.478917,b'A',8.904652569787629e-20,4.640406445917702e-20,-18.12330498174398,0.4554098055024305,0.7994367900684516,125.02168859179606,905.493257338296,550.6977114988882,,b'https://jades.idies.jhu.edu/public/?ra=53.14162&dec=-27.80586&zoom=10',53.14160366666667,-27.8058868,3674.8187888417474,4901.8080103526445,-3230.8559634116073
b'goods-n-mediumjwst_42939',1181,b'goods-n-mediumjwst',b'medium_jwst_gn',42939,1042939,1042939,b'2023-05-05',189.20953524327444,62.16395193247277,-0.048,-0.078,b'GN',False,False,14,b'7.7',,-99,,0.13626126126126126,1,0,1,0,b'T',b'T',b'T',b'T',b'T',3,3,9,9,9,9,9,9190.0,9190.0,9190.0,9190.0,9190.0,3.30723,3.4658830580162903,,,,3.4658830580162903,11.0,3.468956,b'A',3.530922404740111e-19,4.454330172367709e-20,-19.61156130783276,0.12899255681776722,0.14641029161224495,410.18265587434144,2940.9376247371943,1262.0415195133394,326.76762200091827,b'https://jades.idies.jhu.edu/goods-n/?ra=189.20954&dec=62.16395&zoom=10',189.20952190994112,62.1639302658061,-3191.1761776149833,-517.4020227241508,6122.297684619788
b'goods-s-mediumjwst_44991',1286,b'goods-s-mediumjwst',b'medium_jwst_gs',44991,44991,44991,b'2023-12-11',53.0510419,-27.8666251,-0.072,0.148,b'GS',False,True,22,b'8.3',,-99,,0.021899668958492487,0,0,0,0,b'T',b'F',b'F',b'F',b'F',3,0,9,0,0,0,0,8534.0,0.0,0.0,0.0,0.0,2.06814,3.41617,,,,,,3.41617,b'D',5.758140660128648e-20,4.426420961891779e-20,-17.60284104892989,0.6191501764939034,1.5896736148597768,,,,,b'https://jades.idies.jhu.edu/public/?ra=53.05104&dec=-27.86663&zoom=10',53.0510219,-27.866583988888888,3656.9652679889728,4861.958892432226,-3216.6394520323543
b'goods-s-mediumhst_45736',1180,b'goods-s-mediumhst',b'medium_hst_gs',45736,444240,-1,b'2022-10-05',53.1218509,-27.728055,-0.091,-0.037,b'GS',False,False,13,b'6.3',,-99,,0.09166666666666666,-1,-1,0,0,b'T',b'T',b'T',b'T',b'T',1,1,3,1,3,3,0,3720.0,3063.0,3063.0,3063.0,0.0,2.501,3.4605483375061192,,,,3.4605483375061192,2.0,3.461015,b'A',2.602616888120411e-19,8.016019043709337e-20,-19.27443386601884,0.2915180532263797,0.39973229388918696,,723.8189363703087,402.98865235542996,,b'https://jades.idies.jhu.edu/public/?ra=53.12185&dec=-27.72806&zoom=10',53.12182562222222,-27.72806527777778,3675.3796163199527,4899.031629479207,-3219.237615116045
b'goods-s-mediumjwst_46101',1180,b'goods-s-mediumjwst',b'medium_jwst_gs_1180',46101,115813,115813,b'2023-01-28',53.1200714,-27.793829,0.034,-0.147,b'GS',True,False,18,b'8.1',,-99,,0.04562162162162162,0,0,0,0,b'T',b'T',b'T',b'T',b'T',2,2,6,3,6,6,0,7440.0,6127.0,6127.0,6127.0,0.0,3.4,3.468650669654938,,,,3.468650669654938,3.0,3.467602,b'A',1.4019678411994737e-19,2.4291413273362408e-20,-18.607675453675206,0.17349172373123167,0.20658622724806008,148.87025295741404,604.2754697148974,323.8337212718514,,b'https://jades.idies.jhu.edu/public/?ra=53.12007&dec=-27.79383&zoom=10',53.120080844444445,-27.793869833333332,3676.8837300872738,4900.725618753216,-3229.4104942862577
b'goods-s-mediumjwst_46315',1180,b'goods-s-mediumjwst',b'medium_jwst_gs_1180',46315,116170,116170,b'2023-01-28',53.1230583,-27.7933083,-0.008,-0.011,b'GS',True,False,18,b'8.1',,-99,,0.04562162162162162,0,0,0,0,b'T',b'T',b'T',b'T',b'T',1,1,3,1,3,3,0,3720.0,3063.0,3063.0,3063.0,0.0,3.553,3.467911979822136,,,,3.467911979822136,3.0,3.465662,b'A',3.4772838467830145e-20,4.600950046148971e-20,-17.092482054930734,0.9151907006194904,,,337.61290178660244,154.84659266706447,,b'https://jades.idies.jhu.edu/public/?ra=53.12306&dec=-27.79331&zoom=10',53.123056077777775,-27.793311355555556,3676.3224985102697,4900.507657244164,-3229.064758307001
b'goods-s-mediumjwst_48386',1286,b'goods-s-mediumjwst',b'medium_jwst_gs',48386,48386,48386,b'2023-12-11',53.0590738,-27.8645468,0.002,-0.061,b'GS',False,True,19,b'8',,-99,,0.04401122433909319,0,0,0,0,b'T',b'T',b'T',b'T',b'T',2,1,6,1,3,3,3,5689.0,2844.0,2844.0,2844.0,2844.0,3.4273,3.4273,,,,,,3.4273,b'C',3.5904794427146886e-20,2.1354209167153548e-20,-17.098441634565898,0.5067283543958965,0.9806799561557646,,,,,b'https://jades.idies.jhu.edu/public/?ra=53.05907&dec=-27.86455&zoom=10',53.05907435555556,-27.864563744444443,3661.336396896396,4869.194722952139,-3220.8113062725597
b'goods-s-mediumjwst_51204',1286,b'goods-s-mediumjwst',b'medium_jwst_gs',51204,126242,-1,b'2023-01-13',53.133297,-27.7803726,0.058,0.104,b'GS',True,False,13,b'7.6',,-99,,0.19469026548672566,-1,-1,1,0,b'T',b'T',b'T',b'T',b'T',3,3,9,4,9,9,9,7877.0,9190.0,9190.0,9190.0,7877.0,3.56564,3.4726314896484736,,,,3.4726314896484736,5.0,3.477517,b'A',2.5443166580791987e-20,1.3125283365147831e-20,-16.76214868094338,0.4516525592928282,0.7875876976460496,121.16253644835024,772.9412121873221,383.3176180692606,,b'https://jades.idies.jhu.edu/public/?ra=53.1333&dec=-27.78037&zoom=10',53.13331311111111,-27.78034371111111,3677.962401559789,4904.522430105703,-3229.503540423473
b'goods-s-mediumjwst_51318',1180,b'goods-s-mediumjwst',b'medium_jwst_gs_1180',51318,208077,208077,b'2023-01-28',53.1332626,-27.7798729,0.066,0.166,b'GS',True,False,14,b'7.7',,-99,,0.15246636771300448,1,0,1,0,b'T',b'T',b'T',b'T',b'T',2,2,6,3,6,6,0,7440.0,6127.0,6127.0,6127.0,0.0,3.51,3.4688265540125944,,,,3.4688265540125944,4.0,3.474559,b'A',3.5265708472023216e-19,2.5142347845050937e-20,-19.614399784522536,0.07477172063099147,0.08030441683843392,142.38694736218264,626.0748237343421,584.5965733891996,266.8244394283189,b'https://jades.idies.jhu.edu/public/?ra=53.13326&dec=-27.77987&zoom=10',53.13328093333334,-27.77982678888889,3676.306859101038,4902.309046461617,-3227.9768175888566
b'goods-s-mediumjwst_52754',1286,b'goods-s-mediumjwst',b'medium_jwst_gs',52754,52754,52754,b'2023-12-11',53.0839735,-27.8617171,-0.028,-0.024,b'GS',False,True,15,b'7.6',,-99,,0.15527065527065528,1,0,1,0,b'T',b'F',b'F',b'F',b'F',3,0,9,0,0,0,0,8534.0,0.0,0.0,0.0,0.0,3.61689,3.476826,,,,,,3.476826,b'B',1.3315874662897306e-19,1.2854806426745465e-20,-18.55863068154552,0.10005867610016139,0.11022461761832147,78.10124330784086,210.1335243652501,152.72104082611045,,b'https://jades.idies.jhu.edu/public/?ra=53.08397&dec=-27.86172&zoom=10',53.083965722222224,-27.861723766666668,3681.271955530031,4900.137288932404,-3239.831925160667
b'goods-s-mediumjwst_52803',1180,b'goods-s-mediumjwst',b'medium_jwst_gs_1180',52803,129100,129100,b'2023-01-28',53.1323357,-27.7760448,-0.046,-0.076,b'GS',True,False,13,b'7.6',,-99,,0.19469026548672566,1,0,1,0,b'T',b'T',b'T',b'T',b'T',2,2,6,3,6,6,0,7440.0,6127.0,6127.0,6127.0,0.0,-1.0,3.4678825774448616,,,,3.4678825774448616,3.0,3.460355,b'A',1.1813156094510007e-19,1.1772518722400025e-20,-18.41632939501858,0.10314211950829844,0.11397881201080651,,341.09693954759035,190.50355059569813,,b'https://jades.idies.jhu.edu/public/?ra=53.13234&dec=-27.77604&zoom=10',53.13232292222222,-27.77606591111111,3676.0998477456587,4901.8622389717,-3227.2093091482725
b'goods-s-mediumjwst_54461',1180,b'goods-s-mediumjwst',b'medium_jwst_gs_1180',54461,210751,210751,b'2023-01-28',53.1880684,-27.7715931,-0.079,0.167,b'GS',True,False,14,b'7.7',,-99,,0.15246636771300448,1,0,1,0,b'T',b'T',b'T',b'T',b'T',2,2,6,3,6,6,0,7440.0,6127.0,6127.0,6127.0,0.0,3.4219,3.421788081016524,,,,3.421788081016524,3.0,3.425301,b'A',3.047180158473197e-19,4.8741800440424654e-20,-19.41879476888236,0.16110478903268444,0.1892462950519338,140.40167158948287,448.28300526992865,464.3589607412662,245.1694034449034,b'https://jades.idies.jhu.edu/public/?ra=53.18807&dec=-27.77159&zoom=10',53.18804645555556,-27.77154671111111,3651.0330943627164,4878.314494252457,-3208.753145318543
b'goods-n-mediumjwst_56785',1181,b'goods-n-mediumjwst',b'medium_jwst_gn',56785,1056785,1118035,b'2023-05-05',189.3147108660292,62.202385647863586,-0.027,-0.03,b'GN',False,False,14,b'7.7',,-99,,0.13626126126126126,1,0,1,0,b'T',b'T',b'T',b'T',b'T',1,1,3,3,3,3,3,3063.0,3063.0,3063.0,3063.0,3063.0,3.25677,3.436077769250497,,,,3.436077769250497,6.0,3.426458,b'A',1.872510088609691e-19,3.6923828334870926e-20,-18.890984566850058,0.19540674195949492,0.23846663538508395,228.1051526748604,1831.9826854083117,745.6071478593304,348.2457100441615,b'https://jades.idies.jhu.edu/goods-n/?ra=189.31471&dec=62.20239&zoom=10',189.3147033660292,62.20237731453025,-3174.7113270336367,-520.7155008127569,6102.44702788793
b'goods-s-mediumjwst_61631',1286,b'goods-s-mediumjwst',b'medium_jwst_gs',61631,61631,61631,b'2023-12-11',53.031153,-27.8568535,0.063,-0.042,b'GS',False,True,22,b'8.3',,-99,,0.021899668958492487,0,0,0,0,b'T',b'T',b'T',b'T',b'T',1,1,3,1,3,3,3,2844.0,2844.0,2844.0,2844.0,2844.0,1.41433,3.4668812623264538,,,,3.4668812623264538,2.0,3.461924,b'A',1.9478021116528434e-20,4.698595818992271e-20,-16.460450161798782,1.3326037682797889,,,188.79256736495043,114.96419167364353,,b'https://jades.idies.jhu.edu/public/?ra=53.03115&dec=-27.85685&zoom=10',53.0311705,-27.856865166666665,3681.5652750645777,4891.136160893741,-3235.4580492308805
b'goods-n-mediumjwst_71890',1181,b'goods-n-mediumjwst',b'medium_jwst_gn',71890,1071890,1071890,b'2023-05-05',189.27551537141665,62.16667188696512,0.027,0.213,b'GN',False,False,10,b'7.3',,-99,,0.36666666666666664,1,0,1,0,b'T',b'T',b'T',b'T',b'T',3,3,9,9,9,9,9,9190.0,9190.0,9190.0,9190.0,9190.0,3.33342,3.4138963267900295,,,,3.4138963267900295,11.0,3.414266,b'A',4.0281681643409437e-19,4.7205996897224133e-20,-19.713460195525844,0.1203173438541576,0.13533156697929627,529.6246168249055,2349.121780279298,2406.4086751182804,798.7495205634227,b'https://jades.idies.jhu.edu/goods-n/?ra=189.27552&dec=62.16667&zoom=10',189.27552287141665,62.166731053631786,-3170.2036939046748,-517.7502117390052,6083.922224355043
b'goods-s-mediumjwst_79701',1286,b'goods-s-mediumjwst',b'medium_jwst_gs',79701,79701,79701,b'2023-12-11',53.0541393,-27.8421859,-0.05,0.063,b'GS',False,True,22,b'8.3',,-99,,0.021899668958492487,0,0,0,0,b'T',b'T',b'T',b'T',b'T',3,3,9,4,9,9,9,8534.0,8534.0,8534.0,8534.0,8534.0,2.78925,3.47563,,,,,,3.47563,b'C',5.0251329583950655e-21,1.3424019330215711e-20,-14.999684837514145,1.412072146643112,,,,,,b'https://jades.idies.jhu.edu/public/?ra=53.05414&dec=-27.84219&zoom=10',53.054125411111116,-27.842168400000002,3683.9614630737356,4898.4028120155535,-3237.2772885263494
b'goods-n-mediumjwst_80048',1181,b'goods-n-mediumjwst',b'medium_jwst_gn',80048,1080048,1080048,b'2023-05-05',189.27276620140813,62.21085059859511,-0.021,0.028,b'GN',False,False,14,b'7.7',,-99,,0.13626126126126126,1,0,1,0,b'T',b'T',b'T',b'T',b'T',2,2,6,6,6,6,6,6127.0,6127.0,6127.0,6127.0,6127.0,3.46432,3.41476,,,,,,3.41476,b'C',1.8039220177403552e-19,3.155296604010272e-20,-18.841610386057173,0.17501440016818748,0.20875082012566892,,,,,b'https://jades.idies.jhu.edu/goods-n/?ra=189.27277&dec=62.21085&zoom=10',189.27276036807478,62.21085837637288,-3165.9392213551096,-516.897032836616,6087.040204572344
b'goods-n-mediumjwst_80199',1181,b'goods-n-mediumjwst',b'medium_jwst_gn',80199,1080199,1080199,b'2023-05-05',189.2964163705811,62.211836212326915,-0.054,0.15,b'GN',False,False,13,b'7.6',,-99,,0.14087759815242495,1,0,1,0,b'T',b'T',b'T',b'T',b'T',3,3,9,9,9,9,9,9190.0,9190.0,9190.0,9190.0,9190.0,3.31864,3.428285552924816,,,,3.428285552924816,1.0,3.425314,b'A',5.0296025813786827e-20,1.0545237822681137e-20,-17.462893444968053,0.20666138817922786,0.2554698200453629,,,42.94476840818364,,b'https://jades.idies.jhu.edu/goods-n/?ra=189.29642&dec=62.21184&zoom=10',189.29640137058112,62.21187787899358,-3170.866328475349,-519.0447805779984,6097.187667704685
b'goods-s-mediumjwst_114486',1286,b'goods-s-mediumjwst',b'medium_jwst_gs',114486,114486,114486,b'2023-12-17',53.1591481,-27.7961303,0.053,0.203,b'GS',False,True,22,b'8.3',,-99,,0.021899668958492487,0,0,0,0,b'T',b'T',b'T',b'T',b'T',3,3,9,4,9,9,9,8534.0,8534.0,8534.0,8534.0,8534.0,2.66274,3.4272079006291287,,,,3.4272079006291287,3.0,3.428298,b'A',7.256725930492188e-20,1.1682701405968343e-20,-17.863166388801062,0.16207246476674797,0.19058391066518254,,246.14421063731132,130.45940709697004,,b'https://jades.idies.jhu.edu/public/?ra=53.15915&dec=-27.79613&zoom=10',53.15916282222223,-27.79607391111111,3655.089702457252,4878.606045832403,-3213.490451471034
b'goods-s-mediumjwst_115035',1286,b'goods-s-mediumjwst',b'medium_jwst_gs',115035,115035,115035,b'2023-10-19',53.1645278,-27.7951945,-0.074,-0.01,b'GS',False,True,21,b'8.2',,-99,,0.03183820584701642,0,0,0,0,b'T',b'F',b'F',b'F',b'F',3,0,9,0,0,0,0,8534.0,0.0,0.0,0.0,0.0,2.66517,3.438995,,,,,,3.438995,b'B',6.47028022483973e-20,4.117964701875477e-20,-17.7466902830374,0.5347522216333687,1.0985687891698461,124.95734797632092,574.6083089643497,336.3745965015442,,b'https://jades.idies.jhu.edu/public/?ra=53.16453&dec=-27.79519&zoom=10',53.164507244444444,-27.795197277777778,3659.915466381923,4885.996905746728,-3218.014497310191
b'goods-s-mediumjwst_147163',1286,b'goods-s-mediumjwst',b'medium_jwst_gs',147163,147163,147163,b'2023-12-17',53.17265,-27.7541517,-0.012,-0.188,b'GS',False,True,16,b'7.7',,-99,,0.13486370157819225,0,0,0,0,b'T',b'F',b'F',b'F',b'F',2,0,3,0,0,0,0,2844.0,0.0,0.0,0.0,0.0,3.35593,3.43024,,,,,,3.432962,b'D',6.696065445286862e-20,4.542352821220049e-20,-17.779384763056377,0.5622137544345591,1.2315798399332465,,230.83137440723434,81.38318388845141,,b'https://jades.idies.jhu.edu/public/?ra=53.17265&dec=-27.75415&zoom=10',53.172646666666665,-27.754203922222224,3656.701165311733,4883.151365339723,-3210.2227243418743
b'goods-s-mediumjwst_158273',1286,b'goods-s-mediumjwst',b'medium_jwst_gs',158273,158273,158273,b'2023-12-11',53.0728483,-27.9085037,0.017,-0.175,b'GS',False,True,16,b'7.7',,-99,,0.13486370157819225,1,0,1,0,b'T',b'T',b'T',b'T',b'T',3,3,9,4,9,9,9,8534.0,8534.0,8534.0,8534.0,8534.0,3.30261,3.4686756684804134,,,,3.4686756684804134,12.0,3.471297,b'A',4.064537594636467e-19,4.422278529404407e-20,-19.766114952750204,0.11213452782841671,0.12506390258982591,333.38088953846756,1574.36501097397,4292.2700454741125,381.55744166856397,b'https://jades.idies.jhu.edu/public/?ra=53.07285&dec=-27.9085&zoom=10',53.07285302222222,-27.908552311111112,3677.0421721307484,4892.5307453853075,-3241.676875860846
b'goods-s-mediumjwst_159979',1286,b'goods-s-mediumjwst',b'medium_jwst_gs',159979,159979,159979,b'2023-12-11',53.0689765,-27.9001377,-0.071,-0.173,b'GS',False,True,15,b'7.6',,-99,,0.15527065527065528,1,0,1,0,b'T',b'T',b'T',b'T',b'T',3,3,8,4,9,9,9,7586.0,8534.0,8534.0,8534.0,8534.0,3.38302,3.4695526855759513,,,,3.4695526855759513,3.0,3.47416,b'A',1.2483207403120495e-19,1.0335786698156437e-20,-18.486536471867193,0.08636813545163236,0.09383695439098005,,292.9891115529495,222.16244161970647,,b'https://jades.idies.jhu.edu/public/?ra=53.06898&dec=-27.90014&zoom=10',53.06895677777778,-27.900185755555555,3678.0458603033826,4893.173358302991,-3241.123822708493
b'goods-s-mediumjwst_162416',1286,b'goods-s-mediumjwst',b'medium_jwst_gs',162416,162416,162416,b'2023-12-11',53.0960056,-27.8931573,-0.031,-0.159,b'GS',False,True,15,b'7.6',,-99,,0.15527065527065528,1,0,1,0,b'T',b'T',b'T',b'T',b'T',4,4,12,6,12,12,12,11379.0,11379.0,11379.0,11379.0,11379.0,3.59394,3.4702244008390712,,,,3.4702244008390712,7.0,3.467697,b'A',2.1911337226760126e-19,4.549665007701822e-20,-19.092573447725318,0.20484351634437203,0.25269332563555835,116.07767863139851,593.9288737538214,298.71760621374045,,b'https://jades.idies.jhu.edu/public/?ra=53.09601&dec=-27.89316&zoom=10',53.095996988888885,-27.893201466666664,3676.2692443978253,4895.618527289042,-3240.6384181283966
b'goods-s-deepjwst_162830',1287,b'goods-s-deepjwst',b'deep_jwst_gs',162830,162830,162830,b'2024-01-10',53.1212379,-27.8912061,0.079,-0.047,b'GS',False,False,15,b'7.6',,-99,,0.13533834586466165,1,0,1,0,b'T',b'T',b'T',b'T',b'T',3,3,72,18,18,18,18,99788.0,24947.0,24947.0,24947.0,24947.0,3.54919,3.4709661426336584,,,,3.4709661426336584,3.0,3.473173,b'A',6.255749614504989e-20,7.91223462753233e-21,-17.735683955839868,0.1293081361688131,0.14681712276308545,50.011607615160315,143.42702274645876,243.0656988920328,72.60623751312534,b'https://jades.idies.jhu.edu/public/?ra=53.12124&dec=-27.89121&zoom=10',53.12125984444444,-27.891219155555557,3674.504043861965,4897.7638004723985,-3240.7145103187363
b'goods-s-deepjwst_165039',1287,b'goods-s-deepjwst',b'deep_jwst_gs',165039,165039,165039,b'2024-01-10',53.0803785,-27.8862617,-0.005,0.08,b'GS',False,False,15,b'7.6',,-99,,0.13533834586466165,1,0,1,0,b'T',b'T',b'T',b'T',b'T',2,2,48,12,12,12,12,66525.0,16631.0,16631.0,16631.0,16631.0,3.5739,3.4756125244326053,,,,3.4756125244326053,11.0,3.479687,b'A',1.0312046245234556e-19,1.0634980291740053e-20,-18.283197441758706,0.10656833276213362,0.11817821735496992,88.88368316204064,511.029260719848,667.3493674326918,223.32910290253847,b'https://jades.idies.jhu.edu/public/?ra=53.08038&dec=-27.88626&zoom=10',53.08037711111111,-27.886239477777778,3680.2121897592083,4898.087775158974,-3241.983977210796
b'goods-s-mediumjwst_165209',1286,b'goods-s-mediumjwst',b'medium_jwst_gs',165209,165209,165209,b'2023-12-11',53.0483572,-27.8854005,0.074,0.148,b'GS',False,True,16,b'7.7',,-99,,0.13486370157819225,1,0,1,0,b'T',b'T',b'T',b'T',b'T',3,3,9,4,9,9,9,8534.0,8534.0,8534.0,8534.0,8534.0,3.35803,3.4214435100231775,,,,3.4214435100231775,5.0,3.418185,b'A',1.2436580419147223e-19,1.909220814111707e-20,-18.44041526710906,0.15505956678598665,0.18095381052988557,,476.8197484504825,572.4212023098688,251.79856712578518,b'https://jades.idies.jhu.edu/public/?ra=53.04836&dec=-27.8854&zoom=10',53.048377755555556,-27.885359388888887,3658.9207882386295,4864.091475159875,-3220.714628710287
b'goods-s-mediumjwst_170590',1286,b'goods-s-mediumjwst',b'medium_jwst_gs',170590,170590,170590,b'2023-12-11',53.1446594,-27.8758195,0.073,0.169,b'GS',False,True,15,b'7.6',,-99,,0.15527065527065528,1,0,1,0,b'T',b'F',b'F',b'F',b'F',3,0,9,0,0,0,0,8534.0,0.0,0.0,0.0,0.0,3.37985,3.461658,,,,,,3.461658,b'B',2.1072877052191164e-19,7.44069169673363e-20,-19.04569874725425,0.32831935888963315,0.47289587697322233,238.42597201480814,1083.1172025184896,733.0241606858597,,b'https://jades.idies.jhu.edu/public/?ra=53.14466&dec=-27.87582&zoom=10',53.14467967777778,-27.875772555555553,3668.9249201846715,4894.493707679498,-3235.447451600144
b'goods-s-mediumjwst_172651',1286,b'goods-s-mediumjwst',b'medium_jwst_gs',172651,172651,172651,b'2023-12-11',53.0999655,-27.8711697,-0.047,-0.147,b'GS',False,True,15,b'7.6',,-99,,0.15527065527065528,1,0,1,0,b'T',b'T',b'T',b'T',b'T',3,3,9,4,9,9,9,8534.0,8534.0,8534.0,8534.0,8534.0,3.46726,3.4676348459255264,,,,3.4676348459255264,10.0,3.470166,b'A',3.4873144352542334e-19,2.7104452237395768e-20,-19.598971369011693,0.08126787335321595,0.08784654855907803,432.07363169144514,2653.990317990017,1481.5869833253284,560.3800079981834,b'https://jades.idies.jhu.edu/public/?ra=53.09997&dec=-27.87117&zoom=10',53.09995244444445,-27.871210533333333,3675.53670424006,4895.346807408336,-3237.2833353216156
b'goods-s-mediumjwst_175034',1286,b'goods-s-mediumjwst',b'medium_jwst_gs',175034,175034,175034,b'2023-12-11',53.0833041,-27.8669657,-0.042,0.016,b'GS',False,True,16,b'7.7',,-99,,0.13486370157819225,1,0,1,0,b'T',b'T',b'T',b'T',b'T',3,3,9,4,9,9,9,8534.0,8534.0,8534.0,8534.0,8534.0,3.39458,3.4687789207528192,,,,3.4687789207528192,3.0,3.473225,b'A',5.267478247548212e-20,1.3159161952893248e-20,-17.549031190673944,0.2421178142797551,0.31208486170003624,82.83675175905823,346.5563091954049,268.9302642094245,,b'https://jades.idies.jhu.edu/public/?ra=53.0833&dec=-27.86697&zoom=10',53.083292433333334,-27.86696125555556,3677.608652983535,4895.141285479266,-3237.2733956852735
b'goods-s-mediumjwst_177520',1286,b'goods-s-mediumjwst',b'medium_jwst_gs',177520,177520,177520,b'2023-12-11',53.0822609,-27.8629262,0.005,0.026,b'GS',False,True,16,b'7.7',,-99,,0.13486370157819225,1,0,1,0,b'T',b'T',b'T',b'T',b'T',4,4,12,6,12,12,12,11379.0,11379.0,11379.0,11379.0,11379.0,3.30426,3.4708667784977014,,,,3.4708667784977014,7.0,3.468848,b'A',1.6653240576202526e-19,2.172858884953272e-20,-18.795507173760754,0.13315398199039663,0.15179686584910002,184.17921975232804,1070.0027226653474,554.8311391789659,260.9206861454025,b'https://jades.idies.jhu.edu/public/?ra=53.08226&dec=-27.86293&zoom=10',53.08226228888889,-27.862918977777777,3678.754042064024,4896.482550956118,-3237.651287919282
b'goods-s-deepjwst_179166',1287,b'goods-s-deepjwst',b'deep_jwst_gs',179166,179166,179166,b'2024-01-10',53.0614853,-27.8607646,-0.041,-0.053,b'GS',False,False,19,b'8',,-99,,0.024354603019970774,0,0,0,0,b'T',b'T',b'T',b'T',b'T',2,2,48,12,12,12,12,66525.0,16631.0,16631.0,16631.0,16631.0,3.43062,3.4708824581436803,,,,3.4708824581436803,3.0,3.480321,b'A',5.903935364957818e-20,2.624255741349406e-21,-17.678160810351763,0.047218369156666995,0.04936562020231605,33.45756591537805,105.16352736009851,77.26759018679292,,b'https://jades.idies.jhu.edu/public/?ra=53.06149&dec=-27.86076&zoom=10',53.061473911111115,-27.86077932222222,3680.6099384182467,4895.25331025672,-3237.4286538154124
b'goods-s-mediumjwst_180575',1286,b'goods-s-mediumjwst',b'medium_jwst_gs',180575,180575,180575,b'2023-12-11',53.0854721,-27.85817,0.011,0.016,b'GS',False,True,12,b'7.3',b'Xray',16,b'7.7',0.14285714285714285,1,0,1,0,b'T',b'T',b'T',b'T',b'T',3,3,9,4,9,9,9,8534.0,8534.0,8534.0,8534.0,8534.0,3.09109,3.473319616367733,,,,3.473319616367733,12.0,3.476921,b'A',5.2303663674060094e-20,3.35903579311114e-20,-17.544107430608825,0.5385770662558755,1.1159539933831866,351.9709223085643,667.9547390448913,2752.6594891386612,531.0841403848259,b'https://jades.idies.jhu.edu/public/?ra=53.08547&dec=-27.85817&zoom=10',53.08547515555555,-27.85816555555556,3679.7210056909003,4898.341533260657,-3238.0937536788624
b'goods-s-mediumjwst_182875',1286,b'goods-s-mediumjwst',b'medium_jwst_gs',182875,182875,182875,b'2023-12-11',53.0750901,-27.8562995,-0.019,0.017,b'GS',False,True,20,b'8.1',,-99,,0.04401122433909319,0,0,0,0,b'T',b'T',b'T',b'T',b'T',1,1,3,1,3,3,3,2844.0,2844.0,2844.0,2844.0,2844.0,3.23424,3.424811903348445,,,,3.424811903348445,3.0,3.43273,b'A',5.143593231608328e-20,6.273544970906818e-20,-17.492827055955892,0.8657266049539167,,,195.20576810583066,250.87897395265816,,b'https://jades.idies.jhu.edu/public/?ra=53.07509&dec=-27.8563&zoom=10',53.075084822222216,-27.856294777777777,3659.1420836208063,4869.10846660843,-3218.9531492682727
b'goods-s-deepjwst_183349',1287,b'goods-s-deepjwst',b'deep_jwst_gs',183349,183349,183349,b'2024-01-10',53.0830522,-27.8556219,0.128,0.063,b'GS',False,False,1,b'1',,-99,,1.0,1,0,1,0,b'T',b'T',b'T',b'T',b'T',1,1,24,6,6,6,6,33262.0,8315.0,8315.0,8315.0,8315.0,3.40447,3.4753529512983716,,,,3.4753529512983716,2.0,3.482207,b'A',2.613007224144127e-19,5.775664719950201e-20,-19.29456045837772,0.21682042506969523,0.27120536253175587,,274.9151983816434,137.8626966846303,,b'https://jades.idies.jhu.edu/public/?ra=53.08305&dec=-27.85562&zoom=10',53.08308775555555,-27.8556044,3680.9069328726364,4899.495068735205,-3238.607249846137
b'goods-s-mediumjwst_183349',1286,b'goods-s-mediumjwst',b'medium_jwst_gs',183349,183349,183349,b'2023-12-11',53.0830522,-27.8556219,0.044,-0.022,b'GS',False,True,15,b'7.6',,-99,,0.15527065527065528,1,0,1,0,b'T',b'T',b'T',b'T',b'T',3,3,9,4,9,9,9,8534.0,8534.0,8534.0,8534.0,8534.0,3.40447,3.4723219389894657,,,,3.4723219389894657,1.0,3.471255,b'A',9.98405681606605e-20,9.091162914397897e-21,-18.241823381883602,0.09461840362030571,0.10365814084772396,,,61.58704054402355,,b'https://jades.idies.jhu.edu/public/?ra=53.08305&dec=-27.85562&zoom=10',53.08306442222222,-27.85562801111111,3679.5739336469496,4897.716618103424,-3237.435899099435
b'goods-s-mediumjwst_186426',1286,b'goods-s-mediumjwst',b'medium_jwst_gs',186426,186426,186426,b'2023-12-11',53.0530048,-27.8497202,-0.075,-0.085,b'GS',False,True,16,b'7.7',,-99,,0.13486370157819225,1,0,1,0,b'T',b'T',b'T',b'T',b'T',3,3,6,4,9,9,9,5689.0,8534.0,8534.0,8534.0,8534.0,3.40276,3.414968138700364,,,,3.414968138700364,5.0,3.420299,b'A',1.2360633294092816e-19,8.436033452119338e-20,-18.435366084938074,0.5648825256875547,1.245613350670883,197.94775902241224,1183.7775717242205,514.1513823305835,240.41246695004435,b'https://jades.idies.jhu.edu/public/?ra=53.053&dec=-27.84972&zoom=10',53.052983966666666,-27.84974381111111,3656.8271924064343,4862.121910576418,-3214.3768049543414
b'goods-s-mediumjwst_189743',1286,b'goods-s-mediumjwst',b'medium_jwst_gs',189743,189743,189743,b'2023-12-11',53.0540371,-27.8409972,-0.007,0.12,b'GS',False,True,16,b'7.7',,-99,,0.13486370157819225,1,0,1,0,b'T',b'T',b'T',b'T',b'T',2,2,6,3,6,6,6,5689.0,5689.0,5689.0,5689.0,5689.0,3.40175,3.444856314839043,,,,3.444856314839043,2.0,3.442302,b'A',6.905615363329364e-20,1.2802086656878977e-20,-17.819877434286354,0.18465004873889512,0.22262114736511407,,166.33311777124408,94.58208118723383,,b'https://jades.idies.jhu.edu/public/?ra=53.05404&dec=-27.841&zoom=10',53.05403515555556,-27.840963866666666,3670.392500326724,4880.3447503809075,-3225.1826308968243
b'goods-s-mediumjwst_189781',1286,b'goods-s-mediumjwst',b'medium_jwst_gs',189781,189781,189781,b'2023-12-11',53.087374,-27.8400076,0.031,0.037,b'GS',False,True,16,b'7.7',,-99,,0.13486370157819225,1,0,1,0,b'T',b'T',b'T',b'T',b'T',3,3,9,4,9,9,9,8534.0,8534.0,8534.0,8534.0,8534.0,-1.0,3.4756625304755175,,,,3.4756625304755175,1.0,3.47613,b'A',2.1814773587134154e-20,2.838449688232993e-20,-16.594065036904105,0.9048667396649961,,,,,,b'https://jades.idies.jhu.edu/public/?ra=53.08737&dec=-27.84001&zoom=10',53.08738261111111,-27.83999732222222,3681.2055592565143,4900.657462039649,-3237.057624103095
b'goods-s-mediumjwst_191191',1286,b'goods-s-mediumjwst',b'medium_jwst_gs',191191,191191,191191,b'2023-12-11',53.1169379,-27.8366262,-0.059,-0.163,b'GS',False,True,15,b'7.6',,-99,,0.15527065527065528,1,0,1,0,b'T',b'T',b'T',b'T',b'T',3,3,9,4,9,9,9,8534.0,8534.0,8534.0,8534.0,8534.0,3.55996,3.4724050673343836,,,,3.4724050673343836,3.0,3.472283,b'A',1.104654053714635e-19,2.901798648540661e-20,-18.352387932837473,0.2532405227014394,0.3308724119589641,87.27131007625577,554.9993898931226,266.78399558974843,,b'https://jades.idies.jhu.edu/public/?ra=53.11694&dec=-27.83663&zoom=10',53.116921511111116,-27.83667147777778,3677.35839769066,4900.795325722527,-3235.4411274019053
b'goods-s-mediumjwst_191208',1286,b'goods-s-mediumjwst',b'medium_jwst_gs',191208,191208,191208,b'2023-12-11',53.0567336,-27.8363871,-0.083,0.005,b'GS',False,True,16,b'7.7',,-99,,0.13486370157819225,1,0,1,0,b'T',b'T',b'T',b'T',b'T',2,2,6,3,6,6,6,5689.0,5689.0,5689.0,5689.0,5689.0,9.31099,3.47144242457379,,,,3.47144242457379,7.0,3.481123,b'A',4.413355260173186e-20,4.774779528028146e-20,-17.362825372389214,0.7961461737407909,,,253.8075577012885,1079.0759113262782,,b'https://jades.idies.jhu.edu/public/?ra=53.05673&dec=-27.83639&zoom=10',53.05671054444444,-27.83638571111111,3682.091873729772,4896.376781029968,-3235.0377512901227
b'goods-s-mediumjwst_193699',1286,b'goods-s-mediumjwst',b'medium_jwst_gs',193699,193699,193699,b'2023-12-11',53.0741037,-27.828701,0.043,0.004,b'GS',False,True,16,b'7.7',,-99,,0.13486370157819225,1,0,1,0,b'T',b'T',b'T',b'T',b'T',3,3,7,4,9,9,9,6637.0,8534.0,8534.0,8534.0,8534.0,3.29693,3.4231075797506723,,,,3.4231075797506723,2.0,3.423407,b'A',5.7306847101709046e-21,2.0845540191103797e-20,-15.103133163118024,1.6657169379094974,,,,178.85760428613952,,b'https://jades.idies.jhu.edu/public/?ra=53.0741&dec=-27.8287&zoom=10',53.07411564444445,-27.828699888888888,3659.392451838961,4869.27012297375,-3215.3489370611615
b'goods-s-mediumjwst_195005',1286,b'goods-s-mediumjwst',b'medium_jwst_gs',195005,195005,195005,b'2023-10-19',53.1796986,-27.8249129,0.07,-0.098,b'GS',False,True,16,b'7.7',,-99,,0.13486370157819225,1,0,1,0,b'T',b'T',b'T',b'T',b'T',1,1,3,1,3,3,3,2844.0,3063.0,3063.0,3063.0,2844.0,3.34157,3.4451110504904174,,,,3.4451110504904174,4.0,3.449368,b'A',-3.9271196285152e-20,3.863061029353999e-20,,,,,269.3684851499061,735.9946442590375,,b'https://jades.idies.jhu.edu/public/?ra=53.1797&dec=-27.82491&zoom=10',53.17971804444445,-27.824940122222223,3660.3316434422204,4889.257066700751,-3223.574207209152
b'goods-s-mediumjwst_201439',1286,b'goods-s-mediumjwst',b'medium_jwst_gs',201439,201439,201439,b'2023-12-17',53.1743431,-27.8033525,-0.037,-0.156,b'GS',False,True,19,b'8',,-99,,0.04401122433909319,0,0,0,0,b'T',b'T',b'T',b'T',b'T',1,1,3,1,3,3,3,2844.0,2844.0,2844.0,2844.0,2844.0,3.40706,3.47477,,,,,,3.47477,b'D',8.014619776889754e-20,5.013615184290608e-20,-18.00588273676912,0.527506646579841,1.0665406592041045,,,,,b'https://jades.idies.jhu.edu/public/?ra=53.17434&dec=-27.80335&zoom=10',53.174332822222226,-27.803395833333333,3674.6108963407823,4907.368980623528,-3232.7965825985843
b'goods-s-ultradeep_209051',3215,b'goods-s-ultradeep',b'ultra_deep_gs_3215',209051,209051,209051,b'2023-10-16',53.1595933,-27.7767917,0.066,-0.186,b'GS',False,False,14,b'7.1',,-99,,0.04918032786885246,1,0,1,0,b'T',b'T',b'T',b'T',b'T',4,4,90,18,0,72,0,124735.0,24947.0,0.0,99788.0,0.0,3.37551,3.4346853417228704,,,,3.4346853417228704,6.0,3.434868,b'A',2.6503745060799645e-19,8.933795792473563e-21,-19.274541091180005,0.03599435020660735,0.03722867289712184,299.0269971905248,2080.1521732173132,928.672787646665,244.27992782111613,b'https://jades.idies.jhu.edu/public/?ra=53.15959&dec=-27.77679&zoom=10',53.159611633333334,-27.776843366666668,3659.032624605623,4883.948559725427,-3214.373662526625
b'goods-s-mediumjwst_210751',1286,b'goods-s-mediumjwst',b'medium_jwst_gs',210751,210751,210751,b'2023-12-17',53.1880703,-27.7715911,-0.027,0.177,b'GS',False,True,16,b'7.7',,-99,,0.13486370157819225,1,0,1,0,b'T',b'T',b'T',b'T',b'T',3,3,9,4,9,9,9,8534.0,8534.0,8534.0,8534.0,8534.0,3.40203,3.4218727149363692,,,,3.4218727149363692,6.0,3.41968,b'A',3.3118179969665003e-19,2.2636744815343637e-20,-19.50496161542572,0.07178532445884045,0.07686967892283292,113.89187920260824,600.6141385312775,619.9095923792153,256.43576018423346,b'https://jades.idies.jhu.edu/public/?ra=53.18807&dec=-27.77159&zoom=10',53.1880628,-27.77154193333333,3651.069697179209,4878.366301905154,-3208.7858881599595
b'goods-s-mediumjwst_211970',1286,b'goods-s-mediumjwst',b'medium_jwst_gs',211970,211970,211970,b'2023-12-17',53.1699441,-27.7682521,0.086,-0.176,b'GS',False,True,21,b'8.2',,-99,,0.03183820584701642,0,0,0,0,b'T',b'T',b'T',b'T',b'T',3,3,9,4,9,9,9,8534.0,8534.0,8534.0,8534.0,8534.0,3.26254,3.4317602595841,,,,3.4317602595841,3.0,3.430919,b'A',-6.314195269776165e-20,6.560070852887391e-20,,,,,544.0862821462821,311.5956174076178,,b'https://jades.idies.jhu.edu/public/?ra=53.16994&dec=-27.76825&zoom=10',53.16996798888889,-27.76830098888889,3657.133734241386,4883.253167443576,-3212.3190136459007
b'goods-s-mediumjwst_251660',1286,b'goods-s-mediumjwst',b'medium_jwst_gs',251660,251660,251660,b'2023-12-11',53.0836443,-27.8701881,-0.081,0.165,b'GS',False,True,16,b'7.7',,-99,,0.13486370157819225,1,0,1,0,b'T',b'T',b'T',b'T',b'T',3,3,9,4,9,9,9,8534.0,8534.0,8534.0,8534.0,8534.0,3.57009,3.4687628639034473,,,,3.4687628639034473,1.0,3.477913,b'A',1.2444218030607607e-19,4.19955656192715e-20,-18.485934519206708,0.3157105346759863,0.44698695923542076,,127.36704350017992,62.89453044248312,,b'https://jades.idies.jhu.edu/public/?ra=53.08364&dec=-27.87019&zoom=10',53.0836218,-27.870142266666665,3677.465473818605,4895.009299574291,-3237.6070845556715
b'goods-s-deepjwst_279758',1287,b'goods-s-deepjwst',b'deep_jwst_gs',279758,46233,46233,b'2024-01-10',53.1275603,-27.8657419,0.038,-0.205,b'GS',False,False,21,b'8.2',,-99,,0.02267739575713241,1,0,1,0,b'T',b'F',b'F',b'F',b'F',1,0,24,0,0,0,0,33262.0,0.0,0.0,0.0,0.0,3.14701,3.466301,,,,,,3.466301,b'B',5.528985250794751e-20,1.0658554305377764e-20,-17.596472520337834,0.19139719219991846,0.23251477986275404,115.97303194050288,635.5270421349397,280.7858402269868,,b'https://jades.idies.jhu.edu/public/?ra=53.12756&dec=-27.86574&zoom=10',53.127570855555554,-27.865798844444445,3672.772225263644,4896.578899009044,-3236.187204057787
b'goods-s-mediumjwst_283245',1286,b'goods-s-mediumjwst',b'medium_jwst_gs',283245,3245,-1,b'2023-12-11',53.1461831,-27.8763371,0.005,0.085,b'GS',False,True,15,b'7.6',,-99,,0.15527065527065528,-1,-1,1,0,b'T',b'T',b'T',b'T',b'T',1,1,3,1,3,3,3,2844.0,2844.0,2844.0,2844.0,2844.0,3.50807,3.474302732335895,,,,3.474302732335895,7.0,3.471647,b'A',6.959122455840189e-20,3.551729370602346e-20,-17.850234255805717,0.4477085879815448,0.7753306021657806,225.28001701711418,468.1442098325256,635.8689403500015,354.6495636237869,b'https://jades.idies.jhu.edu/public/?ra=53.14618&dec=-27.87634&zoom=10',53.14618448888889,-27.87631348888889,3674.3454657240654,4901.993188246299,-3240.4151213553114
b'goods-s-mediumjwst_283325',1286,b'goods-s-mediumjwst',b'medium_jwst_gs',283325,171052,171052,b'2023-12-11',53.0811223,-27.8746289,0.036,0.102,b'GS',False,True,16,b'7.7',,-99,,0.13486370157819225,1,0,1,0,b'T',b'T',b'T',b'T',b'T',1,1,3,1,3,3,3,2844.0,2844.0,2844.0,2844.0,2844.0,3.45571,3.478994043872559,,,,3.478994043872559,3.0,3.475597,b'A',1.1767510083714687e-19,4.6257153983980466e-20,-18.423502817652363,0.3599495833331794,0.5421930458409392,,174.39921333583348,163.98009433732307,,b'https://jades.idies.jhu.edu/public/?ra=53.08112&dec=-27.87463&zoom=10',53.0811323,-27.87460056666667,3682.02974376361,4900.641303555734,-3242.048327987834
b'goods-s-mediumjwst_283349',1286,b'goods-s-mediumjwst',b'medium_jwst_gs',283349,283349,283349,b'2023-12-11',53.139351,-27.8740337,-0.032,0.079,b'GS',False,True,19,b'8',,-99,,0.04401122433909319,0,0,0,0,b'T',b'T',b'T',b'T',b'T',2,2,6,3,6,6,6,5689.0,5689.0,5689.0,5689.0,5689.0,3.36632,3.4704997843684744,,,,3.4704997843684744,2.0,3.478381,b'A',4.47429174436918e-20,1.4752355940885095e-20,-17.37567448822966,0.30939541449335195,0.43434925424751114,,231.18236263040262,102.91881046450997,,b'https://jades.idies.jhu.edu/public/?ra=53.13935&dec=-27.87403&zoom=10',53.13934211111111,-27.874011755555554,3673.3366344846536,4899.428026614644,-3238.6945867650056
b'goods-s-mediumjwst_283619',1286,b'goods-s-mediumjwst',b'medium_jwst_gs',283619,404804,-1,b'2023-12-11',53.0828427,-27.8659803,0.032,0.026,b'GS',False,True,15,b'7.6',,-99,,0.15527065527065528,-1,-1,1,0,b'T',b'T',b'T',b'T',b'T',3,3,9,4,9,9,9,8534.0,8534.0,8534.0,8534.0,8534.0,3.18891,3.474069800667764,,,,3.474069800667764,9.0,3.474902,b'A',3.027681206360541e-20,1.796989087745673e-20,-16.949049112847934,0.5058937375742794,0.9774018142331009,71.8970559784694,193.05964453255515,593.1840832848853,214.8172716197598,b'https://jades.idies.jhu.edu/public/?ra=53.08284&dec=-27.86598&zoom=10',53.082851588888886,-27.865973077777777,3680.0104260834696,4898.259724849602,-3239.219214791245
b'goods-s-mediumjwst_283897',1286,b'goods-s-mediumjwst',b'medium_jwst_gs',283897,3897,-1,b'2023-12-11',53.0859193,-27.8587123,0.065,-0.091,b'GS',False,True,16,b'7.7',,-99,,0.13486370157819225,-1,-1,1,0,b'T',b'F',b'F',b'F',b'F',3,0,9,0,0,0,0,8534.0,0.0,0.0,0.0,0.0,3.11162,3.472981,,,,,,3.472981,b'B',4.9992813748085665e-20,5.723357518481813e-20,-17.492111422691366,0.8284852490610994,,,542.8958836068283,268.7728188339591,,b'https://jades.idies.jhu.edu/public/?ra=53.08592&dec=-27.85871&zoom=10',53.08593735555556,-27.858737577777777,3679.5130024743876,4898.146926003248,-3238.023733379292
b'goods-s-deephst_10001587',1210,b'goods-s-deephst',b'deep_hst_gs',10001587,111112,111112,b'2022-10-24',53.1713389986394,-27.801574942822032,0.047,-0.048,b'GS',False,False,17,b'8.1',,-99,,0.01966568338249754,0,0,0,0,b'T',b'T',b'T',b'T',b'T',3,3,64,36,18,18,18,88700.0,24947.0,24947.0,24947.0,24947.0,3.71,3.43049430106116,,,,3.43049430106116,1.0,3.423338,b'A',1.6643702255054273e-20,5.5869799854660966e-21,-16.260689514870208,0.3142571327036521,0.44405884281596997,,31.81780387706255,26.77934423115593,,b'https://jades.idies.jhu.edu/public/?ra=53.17134&dec=-27.80157&zoom=10',53.171352054194955,-27.801588276155364,3655.3322152841665,4881.093398675114,-3215.366581999087
b'goods-s-deephst_10003811',1210,b'goods-s-deephst',b'deep_hst_gs',10003811,138790,138790,b'2022-10-24',53.15471522374995,-27.765882845115755,0.065,0.043,b'GS',False,False,17,b'8.1',,-99,,0.01966568338249754,0,0,0,0,b'T',b'T',b'T',b'T',b'T',2,2,48,24,12,12,12,66525.0,16631.0,16631.0,16631.0,16631.0,3.4393,3.430121,,,,,,3.430121,b'C',2.5160805822299227e-20,1.404200077248457e-20,-16.71450276940523,0.48148153477129796,0.8866660761183738,,,33.689015811675134,,b'https://jades.idies.jhu.edu/public/?ra=53.15472&dec=-27.76588&zoom=10',53.15473327930551,-27.76587090067131,3657.782533714925,4881.41379152908,-3211.418279256492
b'goods-s-mediumjwst_10009336',1180,b'goods-s-mediumjwst',b'medium_jwst_gs_1180',10009336,203462,203462,b'2023-01-28',53.1222972,-27.7955901,-0.05,0.069,b'GS',True,False,13,b'7.6',,-99,,0.19469026548672566,1,0,1,0,b'T',b'T',b'T',b'T',b'T',3,3,9,4,9,9,0,11160.0,9190.0,9190.0,9190.0,0.0,3.5,3.467780897162501,,,,3.467780897162501,4.0,3.465166,b'A',2.105383737502135e-19,1.0213955900547063e-20,-19.047339350287466,0.051435078673009116,0.05399343669176915,137.4164558900766,776.2416292057517,382.9087761891351,,b'https://jades.idies.jhu.edu/public/?ra=53.1223&dec=-27.79559&zoom=10',53.12228331111111,-27.79557093333333,3676.2543765761616,4900.279168816059,-3229.255589577518
b'goods-s-mediumjwst_10012107',1180,b'goods-s-mediumjwst',b'medium_jwst_gs_1180',10012107,210868,210868,b'2023-01-28',53.137014,-27.7713877,0.042,-0.111,b'GS',True,False,14,b'7.7',,-99,,0.15246636771300448,1,0,1,0,b'T',b'T',b'T',b'T',b'T',3,3,9,4,9,9,0,11160.0,9190.0,9190.0,9190.0,0.0,3.091,3.4270123714796115,,,,3.4270123714796115,2.0,3.424585,b'A',1.4308404726120167e-19,2.321988296258331e-20,-18.597486016378838,0.16327824216065423,0.1922546356507695,,111.40251249797767,100.87303153716066,,b'https://jades.idies.jhu.edu/public/?ra=53.13701&dec=-27.77139&zoom=10',53.137025666666666,-27.771418533333332,3657.716219495151,4878.182875695466,-3210.790279377091
b'goods-s-mediumjwst_10024670',1286,b'goods-s-mediumjwst',b'medium_jwst_gs',10024670,171269,171269,b'2023-12-11',53.142828,-27.8740482,-0.089,0.059,b'GS',False,True,15,b'7.6',,-99,,0.15527065527065528,1,0,1,0,b'T',b'T',b'T',b'T',b'T',2,2,6,3,6,6,6,5689.0,5689.0,5689.0,5689.0,5689.0,3.587,3.469864662822239,,,,3.469864662822239,3.0,3.472396,b'A',1.2633418644002326e-19,5.762201027883491e-20,-18.498208659773645,0.40798383508795055,0.6612179619828673,,,527.5783361290464,,b'https://jades.idies.jhu.edu/public/?ra=53.14283&dec=-27.87405&zoom=10',53.14280327777778,-27.874031811111113,3672.7605125187374,4899.276217584933,-3238.4503107379132
b'goods-s-mediumjwst_10026167',1286,b'goods-s-mediumjwst',b'medium_jwst_gs',10026167,175041,175041,b'2023-12-11',53.0825811,-27.8668027,0.078,-0.043,b'GS',False,True,14,b'7.5',,-99,,0.18691588785046728,1,0,1,0,b'T',b'T',b'T',b'T',b'T',3,3,9,4,9,9,9,8534.0,8534.0,8534.0,8534.0,8534.0,4.62,3.463986,,,,,,3.463986,b'C',6.80359713279271e-20,3.982720543594414e-20,-17.819975992719932,0.5003365435987845,0.9558862571800049,,,,,b'https://jades.idies.jhu.edu/public/?ra=53.08258&dec=-27.8668&zoom=10',53.08260276666667,-27.866814644444446,3675.5578370419425,4892.2888866004205,-3235.3962594961363
b'goods-s-mediumjwst_10027810',1286,b'goods-s-mediumjwst',b'medium_jwst_gs',10027810,27810,-1,b'2023-12-11',53.0842746,-27.8588522,0.058,0.032,b'GS',False,True,15,b'7.6',,-99,,0.15527065527065528,-1,-1,1,0,b'T',b'T',b'T',b'T',b'T',6,6,18,9,18,18,18,17069.0,17069.0,17069.0,17069.0,17069.0,4.29,3.4792016177224325,,,,3.4792016177224325,9.0,3.485748,b'A',3.913089495102207e-20,2.128229990475151e-20,-17.235638720587374,0.4715300566907459,0.8522893609213114,132.5097784077548,442.9214691069954,523.6626949074707,219.00992160423166,b'https://jades.idies.jhu.edu/public/?ra=53.08427&dec=-27.85885&zoom=10',53.08429071111111,-27.858843311111112,3682.386199482252,4901.678353324608,-3240.442692023492
b'goods-s-mediumjwst_60148771',1286,b'goods-s-mediumjwst',b'medium_jwst_gs',60148771,148771,148771,b'2023-12-17',53.1299079,-27.7520041,0.038,-0.183,b'GS',False,True,16,b'7.7',,-99,,0.13486370157819225,1,0,1,0,b'T',b'F',b'F',b'F',b'F',3,0,9,0,0,0,0,8534.0,0.0,0.0,0.0,0.0,3.42826,3.432146,,,,,,3.432146,b'B',6.913710792410284e-19,7.685181129434675e-20,-20.31349790621248,0.11444008744037859,0.12793926020080093,566.1223935246036,3498.854534187345,1988.1058074539962,753.5607652453451,b'https://jades.idies.jhu.edu/public/?ra=53.12991&dec=-27.752&zoom=10',53.129918455555554,-27.752054933333334,3661.2647037757006,4881.653629264948,-3210.7399419111207
b'goods-s-mediumjwst_60149824',1286,b'goods-s-mediumjwst',b'medium_jwst_gs',60149824,149824,149824,b'2023-12-17',53.1286802,-27.7501079,-0.084,-0.035,b'GS',False,True,15,b'7.6',,-99,,0.15527065527065528,1,0,1,0,b'T',b'T',b'T',b'T',b'T',3,3,9,4,9,9,9,8534.0,8534.0,8534.0,8534.0,8534.0,3.44106,3.461176806602483,,,,3.461176806602483,2.0,3.454158,b'A',8.011054523736937e-20,1.3471480350492732e-20,-17.989998224288104,0.1687568842572027,0.1999019834515785,,304.85268156197094,250.3454271104059,,b'https://jades.idies.jhu.edu/public/?ra=53.12868&dec=-27.75011&zoom=10',53.12865686666667,-27.750117622222223,3674.329563130451,4898.848598718188,-3221.838176967697
b'goods-s-deepjwst_60302504',1287,b'goods-s-deepjwst',b'deep_jwst_gs',60302504,302504,-1,b'2024-01-10',53.1241202,-27.8719094,0.046,-0.031,b'GS',False,False,22,b'8.3',,-99,,0.010805943268797838,-1,-1,0,0,b'T',b'T',b'T',b'T',b'T',2,2,48,12,12,12,12,66525.0,16631.0,16631.0,16631.0,16631.0,3.75084,3.461,,,,,,3.463636,b'D',1.2826697726211888e-20,2.0198330233206223e-21,-16.008155096693677,0.1587753045821998,0.18603786487958018,,,18.988456764130934,,b'https://jades.idies.jhu.edu/public/?ra=53.12412&dec=-27.87191&zoom=10',53.124132977777776,-27.87191801111111,3670.519986925677,4892.964535318255,-3234.779909244253
